provincia,combined_score,ranking
San José,1.526181749793884,1
Alajuela,1.4341548455368587,2
Guanacaste,1.051748052399245,3
Puntarenas,1.0038141314866766,4
Heredia,0.9644567911514378,5
Cartago,0.9566266870050074,6
Limón,0.7020110762332533,7
