provincia,anomaly_score,ranking
San José,0.1014548487953417,1
Alajuela,0.1111690708306998,2
Guanacaste,0.14693674003430904,3
Puntarenas,0.15147937332633568,4
Heredia,0.15588918284035505,5
Cartago,0.1572458583605053,6
Limón,0.17484016801587762,7