provincia,anomaly_score,ranking
Guanacaste,0.11370667437769448,1
Heredia,0.12390955501415497,2
Limón,0.12708158327378613,3
San José,0.13857608611820152,4
Cartago,0.1500911013540672,5
Alajuela,0.1985387000420189,6
Puntarenas,0.20213633111804719,7
